Carimbo de data/hora,Sua faixa de idade,G√™nero,N√≠vel de Escolaridade,Tempo de carreira,Ano em que come√ßou a trabalhar em TI,Quantidade de empresas que j√° trabalhou,Cargo atual,Regime de trabalho,Modalidade de trabalho,Faixa salarial bruta mensal,Principal Linguagem de Programa√ß√£o/Tecnologia usada,Forma de estudo,Participa de cursos ou certifica√ß√£o cont√≠nuas?,Qu√£o importante vc considera socializar com outras pessoas ,"Canais de comunica√ß√£o utilizados para aprender/ensinar
",Participa de projetos open-source?,O qu√£o bom voc√™ se considera em socializar?,Qual foi sua maior dificuldade na √°rea? ,Regi√£o que reside,"Caso tenha algum coment√°rio ou sugest√£o, deixe aqui üòä "
25/04/2025 00:15:29,18-24 anos,Masculino,Bacharelado,At√© 2 anos,01/01/2024,1-3 empresas,J√∫nior,CLT,Presencial,"At√© R$ 2000,00",TS,Mista,Sim,4,"Youtube, Podcasts, Confer√™ncias",Nunca,,,,
24/04/2025 22:03:37,18-24 anos,Masculino,Bacharelado Incompleto,At√© 2 anos,01/08/2023,1-3 empresas,J√∫nior,CLT,Presencial,"Entre R$ 2000,00 e R$ 4000,00",Delphi (pascal),Mista,Sim,3,"Blogs, Youtube, Podcasts, Foruns e tbm documenta√ß√£o oficial",Nunca,Acredito que na m√©dia,Comunica√ß√£o,Sul,
19/05/2025 19:42:19,18-24 anos,Masculino,Bacharelado Incompleto,At√© 2 anos,19/05/2022,1-3 empresas,J√∫nior,PJ,Remoto,"Entre R$ 4000,00 e R$ 6000,00",Jaca,Mista,Sim,3,"Blogs, Youtube, Podcasts, Confer√™ncias",Nunca,Muito bom,Ferramentas,Sul,
19/05/2025 19:48:23,35-44 anos,Masculino,Tecn√≥logo Incompleto,At√© 2 anos,01/11/2024,1-3 empresas,Suporte ,CLT,Presencial,"Entre R$ 2000,00 e R$ 4000,00",PHP,Mista,Sim,5,Youtube,Nunca,Bom,Falta de oportunidades,Sul,
19/05/2025 19:56:12,45-54 anos,Masculino,P√≥s-Gradua√ß√£o Completa,Mais de 23 anos,19/05/2001,10-12 empresas,Gest√£o,Prolabore,Remoto,"Mais R$ 8000,00",Ruby ,100% Autodidata,N√£o,5,"Blogs, Youtube, Confer√™ncias, Mentoria",Ocasionalmente,,Ferramentas,Sul,
19/05/2025 19:57:58,18-24 anos,Masculino,Tecn√≥logo Incompleto,3-6 anos,30/09/2019,4-6 empresas,S√™nior,CLT,Remoto,"Mais R$ 8000,00",PHP,Mista,Sim,5,"Blogs, Youtube, Podcasts, Confer√™ncias, Mentoria",Ocasionalmente,Atualmente me considero muito bom,Network,Sul,
22/05/2025 08:15:38,18-24 anos,Masculino,Bacharelado Incompleto,At√© 2 anos,01/03/2023,1-3 empresas,Pleno,CLT,Presencial,"Entre R$ 2000,00 e R$ 4000,00",Dart,Mista,Sim,4,"livros, documenta√ß√£o, cursos e f√≥runs",Nunca,"bom n√£o tenho problemas em conversar, oque me ajuda a me vender como programador",Comunica√ß√£o,Sudeste,Base e fundamentos da programa√ß√£o √© a coisa mais importante apesar de alunos n√£o gostarem por n√£o sentirem que est√£o fazendo algo realmente funcional em vista um mercado de trabalho muito r√°pido
22/05/2025 08:18:48,18-24 anos,Feminino,P√≥s-Gradua√ß√£o Completa,3-6 anos,22/06/2020,1-3 empresas,Pleno,CLT,Remoto,"Entre R$ 6000,00 e R$ 8000,00",Typescript,Mista,N√£o,5,"Blogs, Youtube",Nunca,,Falta de oportunidades,Sudeste,.
22/05/2025 08:43:29,45-54 anos,Masculino,P√≥s-Gradua√ß√£o Completa,15-18 anos,01/01/2009,1-3 empresas,Tech Lead,CLT,H√≠brido,"Mais R$ 8000,00",Java,Mista,N√£o,4,Confer√™ncias,Regularmente,,Network,Centro-Oeste,Nada a declarar
22/05/2025 09:17:47,25-34 anos,Masculino,Bacharelado Completo,At√© 2 anos,01/08/2022,1-3 empresas,J√∫nior,CLT,Presencial,"Entre R$ 2000,00 e R$ 4000,00",TypeScript,Mista,N√£o,4,"Blogs, Youtube",Regularmente,,Comunica√ß√£o,Sul,N√£o tenho coment√°rios nem sugest√µes
22/05/2025 09:28:27,55 anos ou mais,Masculino,P√≥s-Gradua√ß√£o Completa,Mais de 23 anos,01/01/1985,13-15 empresas,CTO,Pr√≥-labore,Remoto,"Mais R$ 8000,00",php / typescript,Mista,Sim,5,"Blogs, Youtube",Regularmente,razoavel,Network,Sudeste,"5 paginas de perguntas nao √© uma ""pesquisa rapida"""
22/05/2025 10:41:16,25-34 anos,Masculino,P√≥s-Gradua√ß√£o Completa,11-14 anos,01/01/2015,1-3 empresas,J√∫nior,CLT,Presencial,"Mais R$ 8000,00",c++,Mista,Sim,5,livros e artigos cient√≠ficos ,Regularmente,3,Comunica√ß√£o,Sudeste,
22/05/2025 14:24:15,25-34 anos,Masculino,Ensino M√©dio Completo,3-6 anos,01/01/2012,4-6 empresas,J√∫nior,CLT,Presencial,"At√© R$ 2000,00",JSF FullStack,100% Autodidata,N√£o,3,udemy,Ocasionalmente,Nada bom,Falta de oportunidades,Sul,
22/05/2025 14:55:32,35-44 anos,Masculino,P√≥s-Gradua√ß√£o Completa,15-18 anos,01/01/2010,1-3 empresas,S√™nior,PJ,Remoto,"Mais R$ 8000,00",C#,Mista,Sim,4,"Blogs, Youtube, Podcasts",Nunca,Pouco,Network,Sul,Muito bom!
22/05/2025 15:46:21,35-44 anos,Masculino,Bacharelado Completo,11-14 anos,,7-9 empresas,Pleno,PJ,H√≠brido,"Entre R$ 6000,00 e R$ 8000,00",Java,Mista,Sim,2,"Blogs, Youtube, Podcasts, Confer√™ncias, Mentoria",Ocasionalmente,Bom,Ferramentas,Sul,
22/05/2025 21:41:47,25-34 anos,Feminino,Tecn√≥logo Completo,3-6 anos,,1-3 empresas,Pleno,CLT,Remoto,"Entre R$ 2000,00 e R$ 4000,00",C++,100% Autodidata,Sim,4,"Blogs, Youtube, Podcasts",Nunca,Me considero relativamente boa,Falta de oportunidades,Norte,
22/05/2025 21:44:43,45-54 anos,Masculino,Bacharelado Completo,11-14 anos,,7-9 empresas,Tech Lead,PJ,H√≠brido,"Mais R$ 8000,00",JavaScript / Python,Mista,Sim,4,"Youtube, Podcasts, Mentoria",Ocasionalmente,Ap√≥s algum tempo de carreira apromorei minha socializa√ß√£o e hoje me considero bom em socializar,Network,Centro-Oeste,
26/05/2025 17:55:22,35-44 anos,Masculino,Bacharelado Completo,15-18 anos,01/04/2008,4-6 empresas,S√™nior,Cooperado,H√≠brido,"Mais R$ 8000,00",Java / Kotlin,Mista,Sim,4,"Youtube, Cursos online",Ocasionalmente,"Totalmente extrovertido, ou seja, n√£o tenho problema nenhum em socializar.",Falta de oportunidades,Sudeste,